method,dataset_version,n_clusters,n_rows,n_features,training_time_seconds,prediction_time_seconds,iterations,accuracy,silhouette_score,davies_bouldin,compactness,separation
KMeans Full 28,HIGGS.csv.gz(full),2,10721302,28,17.7193500995636,2.456887006759644,18,55.681530097743725,,,,
KMeans Full 28,sample_200k,2,200000,28,1.6321420669555664,0.0242724418640136,6,55.6385,,,,
KMeans PCA 5,sample_200k,2,200000,5,5.958060503005981,0.0183942317962646,14,55.678,,,,
KMeans PCA 10,sample_200k,2,200000,10,7.9921324253082275,0.0252611637115478,6,55.638,,,,
KMeans PCA 2,sample_200k,2,200000,2,6.864301443099976,0.015589714050292969,18,55.6195,,,,
