method,dataset_version,n_clusters,n_rows,n_features,training_time_seconds,prediction_time_seconds,iterations,accuracy,silhouette_score,davies_bouldin,compactness,separation
KMeans Full 28,HIGGS.csv.gz(full),2,10721302,28,17.7193500995636,2.456887006759644,18,55.681530097743725,0.11574653157256674,2.7149878273560084,17.511984775385173,2.10999946603576
KMeans Full 28,sample_200k,2,200000,28,1.6321420669555664,0.0242724418640136,6,55.6385,0.11574653157256674,2.7149878273560084,17.511984775385173,2.10999946603576
KMeans PCA 5,sample_200k,2,200000,5,5.958060503005981,0.0183942317962646,14,55.678,0.3469742590824647,1.4701130157254927,8.180057437722548,2.4178025061417534
KMeans PCA 10,sample_200k,2,200000,10,7.9921324253082275,0.0252611637115478,6,55.638,0.26270677019446864,1.9813737548501298,14.306274412530875,2.422995275632127
KMeans PCA 2,sample_200k,2,200000,2,6.864301443099976,0.0155897140502929,18,55.6195,0.48436429177370416,0.8774838108654917,3.6302388818008264,2.421753230560027
